Ticker,EBIT,Operating Income,Gross Profit,Total Revenue,Net Income,EBITDA,Invested Capital,Total Assets,Current Liabilities,Total Debt,Capital Expenditure,Free Cash Flow
SLB,5785000000.0,5488000000.0,6563000000.0,33135000000.0,4203000000.0,7544000000.0,32154000000.0,47957000000.0,13395000000.0,11965000000.0,-2092000000.0,4545000000.0
EG,2288000000.0,,,14463000000.0,2517000000.0,,16610000000.0,49399000000.0,,3408000000.0,,4553000000.0
IVZ,-167400000.0,-393200000.0,2005400000.0,5716400000.0,-96900000.0,1131400000.0,19198400000.0,28933800000.0,1254600000.0,9045000000.0,-164300000.0,1136500000.0
NCLH,890707000.0,930911000.0,3081337000.0,8549924000.0,166178000.0,1773943000.0,14359732000.0,19492990000.0,6038701000.0,14058925000.0,-2750362000.0,-744648000.0
TEL,2348000000.0,2677000000.0,5055000000.0,16034000000.0,1910000000.0,3142000000.0,15762000000.0,21712000000.0,4463000000.0,4329000000.0,-732000000.0,2400000000.0
GRMN,1092160000.0,1092160000.0,3004955000.0,5228252000.0,1289636000.0,1269732000.0,7012060000.0,8603569000.0,1310687000.0,113035000.0,-195028000.0,1181237000.0
LIN,8401000000.0,8269000000.0,15362000000.0,32854000000.0,6199000000.0,12217000000.0,59093000000.0,80811000000.0,15717000000.0,20315000000.0,-3787000000.0,5518000000.0
ACN,9186857000.0,8809889000.0,20731607000.0,64111745000.0,6871557000.0,10587612000.0,25840742000.0,51245305000.0,18009038000.0,3149034000.0,-528172000.0,8996096000.0
STX,-183000000.0,60000000.0,1351000000.0,7384000000.0,-529000000.0,330000000.0,4252000000.0,7556000000.0,2592000000.0,5835000000.0,-316000000.0,626000000.0
IR,1187800000.0,1241500000.0,2882200000.0,6876100000.0,778700000.0,1646900000.0,12507400000.0,15563500000.0,1827300000.0,2765200000.0,-105400000.0,1272000000.0
ETN,3978000000.0,3885000000.0,8434000000.0,23196000000.0,3218000000.0,4904000000.0,28305000000.0,38432000000.0,7747000000.0,9802000000.0,-757000000.0,2867000000.0
WTW,1514000000.0,1819000000.0,4139000000.0,9483000000.0,1055000000.0,2019000000.0,14737000000.0,29090000000.0,12630000000.0,5941000000.0,-242000000.0,1103000000.0
ALLE,710300000.0,715900000.0,1581500000.0,3650800000.0,540400000.0,821900000.0,3333300000.0,4311500000.0,1079700000.0,2015000000.0,-84200000.0,516400000.0
STE,847161000.0,862163000.0,2218160000.0,5138701000.0,378239000.0,1412405000.0,9508264000.0,11063697000.0,931127000.0,3383167000.0,-360326000.0,612948000.0
TT,2801800000.0,2894000000.0,5857200000.0,17677600000.0,2023900000.0,3149900000.0,11775000000.0,19391900000.0,6053500000.0,4779800000.0,-300700000.0,2088900000.0
AON,3653000000.0,3822000000.0,6474000000.0,13376000000.0,2564000000.0,3909000000.0,10373000000.0,33959000000.0,21651000000.0,12032000000.0,-252000000.0,3183000000.0
APTV,1622000000.0,1770000000.0,3439000000.0,20051000000.0,2938000000.0,2534000000.0,17747000000.0,24427000000.0,4808000000.0,6787000000.0,-906000000.0,990000000.0
AMCR,1541000000.0,1404000000.0,2725000000.0,14694000000.0,1048000000.0,2127000000.0,10772000000.0,17003000000.0,4476000000.0,7209000000.0,-526000000.0,735000000.0
RCL,3106000000.0,2878000000.0,6125000000.0,13900000000.0,1697000000.0,4561000000.0,26176000000.0,35131000000.0,9401000000.0,22130000000.0,-3897000000.0,580000000.0
LYB,3104000000.0,3571000000.0,5258000000.0,41107000000.0,2114000000.0,4638000000.0,24162000000.0,37000000000.0,7150000000.0,13001000000.0,-1531000000.0,3411000000.0
NXPI,3790000000.0,3676000000.0,7553000000.0,13276000000.0,2797000000.0,4896000000.0,19819000000.0,24353000000.0,4111000000.0,11175000000.0,-1006000000.0,2507000000.0
CCL,2004000000.0,1956000000.0,7276000000.0,21593000000.0,-74000000.0,4374000000.0,37455000000.0,49120000000.0,11481000000.0,31891000000.0,-3284000000.0,997000000.0
AFL,5457000000.0,,,18838000000.0,4659000000.0,,29225000000.0,126724000000.0,,7364000000.0,,3190000000.0
AES,1423000000.0,2237000000.0,2504000000.0,12668000000.0,249000000.0,2551000000.0,28528000000.0,44799000000.0,9731000000.0,26878000000.0,-7724000000.0,-4690000000.0
T,26552000000.0,24654000000.0,72305000000.0,122428000000.0,14400000000.0,45329000000.0,240628000000.0,407060000000.0,51127000000.0,154899000000.0,-17853000000.0,20461000000.0
ABT,7301000000.0,6478000000.0,22134000000.0,40109000000.0,5723000000.0,10544000000.0,53282000000.0,73214000000.0,13841000000.0,15628000000.0,-2202000000.0,5059000000.0
ABBV,8474000000.0,13535000000.0,33903000000.0,54318000000.0,4863000000.0,17172000000.0,69745000000.0,134711000000.0,37841000000.0,59385000000.0,-777000000.0,22062000000.0
ADBE,6912000000.0,6650000000.0,17055000000.0,19409000000.0,5428000000.0,7784000000.0,20152000000.0,29779000000.0,8251000000.0,4080000000.0,-360000000.0,6942000000.0
AMD,598000000.0,401000000.0,10460000000.0,22680000000.0,854000000.0,4149000000.0,58360000000.0,67885000000.0,6689000000.0,3003000000.0,-546000000.0,1121000000.0
A,1434000000.0,1350000000.0,3465000000.0,6833000000.0,1240000000.0,1705000000.0,8580000000.0,10763000000.0,1603000000.0,2735000000.0,-298000000.0,1474000000.0
ABNB,2185000000.0,1518000000.0,8214000000.0,9917000000.0,4792000000.0,2229000000.0,10156000000.0,20645000000.0,9950000000.0,2304000000.0,,3884000000.0
APD,3059900000.0,2739200000.0,3767000000.0,12600000000.0,2300200000.0,4418200000.0,24618700000.0,32002500000.0,3895800000.0,11031600000.0,-4626400000.0,-1420100000.0
AKAM,670236000.0,703418000.0,2300857000.0,3811920000.0,547629000.0,1241012000.0,8135384000.0,9900037000.0,836038000.0,4535979000.0,-730040000.0,618399000.0
ALB,362810000.0,180691000.0,1185909000.0,9617203000.0,1573476000.0,792754000.0,13578943000.0,18270652000.0,3560462000.0,4280444000.0,-2149281000.0,-823960000.0
ARE,355198000.0,733692000.0,2026519000.0,2885699000.0,103639000.0,1448671000.0,29786817000.0,36771402000.0,2001077000.0,11698525000.0,,1630550000.0
ALGN,656654000.0,656654000.0,2706863000.0,3862260000.0,445053000.0,799055000.0,3630489000.0,6083877000.0,2066611000.0,126619000.0,-177716000.0,608060000.0
LNT,1101000000.0,943000000.0,1734000000.0,4027000000.0,703000000.0,1777000000.0,16286000000.0,21237000000.0,2304000000.0,9509000000.0,,867000000.0
ALL,31000000.0,,,57094000000.0,-188000000.0,,23711000000.0,103362000000.0,,7942000000.0,-267000000.0,3961000000.0
GOOG,86025000000.0,84293000000.0,174062000000.0,307394000000.0,73795000000.0,97971000000.0,295249000000.0,402392000000.0,81814000000.0,28504000000.0,-32251000000.0,69495000000.0
GOOGL,86025000000.0,84293000000.0,174062000000.0,307394000000.0,73795000000.0,97971000000.0,295249000000.0,402392000000.0,81814000000.0,28504000000.0,-32251000000.0,69495000000.0
MO,12077000000.0,11547000000.0,14284000000.0,20502000000.0,8130000000.0,12349000000.0,22693000000.0,38570000000.0,11319000000.0,26233000000.0,-196000000.0,9091000000.0
AMZN,40739000000.0,36852000000.0,93805000000.0,574785000000.0,30425000000.0,89402000000.0,260189000000.0,527854000000.0,164917000000.0,135611000000.0,-52729000000.0,32217000000.0
AEE,1906000000.0,1853000000.0,3467000000.0,7500000000.0,1152000000.0,3406000000.0,27855000000.0,40830000000.0,3345000000.0,16506000000.0,-3771000000.0,-1207000000.0
AAL,3266000000.0,4005000000.0,11810000000.0,52788000000.0,822000000.0,5520000000.0,27700000000.0,63058000000.0,22062000000.0,40663000000.0,-2596000000.0,1207000000.0
AEP,4015600000.0,3641800000.0,11127700000.0,18982300000.0,2208100000.0,7202600000.0,68220100000.0,96684000000.0,11583600000.0,43608500000.0,-7506500000.0,-2494300000.0
AXP,,,,60363000000.0,8374000000.0,,77216000000.0,261108000000.0,,49159000000.0,-1563000000.0,16996000000.0
AIG,4994000000.0,,,47251000000.0,3643000000.0,,67253000000.0,539306000000.0,,22387000000.0,,6243000000.0
AMT,2919500000.0,3776500000.0,7883600000.0,11144200000.0,1483300000.0,6006000000.0,43119700000.0,66027600000.0,7249300000.0,47154800000.0,-1798100000.0,2924300000.0
AWK,1656000000.0,1504000000.0,2514000000.0,4234000000.0,944000000.0,2360000000.0,22166000000.0,30298000000.0,2151000000.0,12442000000.0,-2734000000.0,-860000000.0
AMP,3558000000.0,,,15535000000.0,2556000000.0,,10464000000.0,175191000000.0,,5755000000.0,-184000000.0,4501000000.0
AME,1688207000.0,1707459000.0,2384465000.0,6596950000.0,1313188000.0,2025843000.0,12043538000.0,15023533000.0,2882573000.0,3374402000.0,-136249000.0,1599047000.0
AMGN,10730000000.0,7897000000.0,19739000000.0,28190000000.0,6717000000.0,14801000000.0,70845000000.0,97154000000.0,18392000000.0,64613000000.0,-1112000000.0,7359000000.0
APH,2594300000.0,2594200000.0,4084100000.0,12554700000.0,1928000000.0,3000700000.0,12683800000.0,16526400000.0,3152700000.0,4337300000.0,-372800000.0,2155900000.0
ADI,3872644000.0,3983822000.0,7877218000.0,12305539000.0,3314579000.0,6165747000.0,42513855000.0,48794478000.0,3200971000.0,7013478000.0,-1261463000.0,3556171000.0
ANSS,639283000.0,626135000.0,1998651000.0,2269949000.0,500412000.0,771787000.0,6144255000.0,7322875000.0,889294000.0,854396000.0,-25318000.0,691804000.0
APA,3210000000.0,3376000000.0,4227000000.0,8279000000.0,2855000000.0,4750000000.0,7843000000.0,15244000000.0,2404000000.0,5304000000.0,-2357000000.0,772000000.0
AAPL,117669000000.0,114301000000.0,169148000000.0,383285000000.0,96995000000.0,129188000000.0,173234000000.0,352583000000.0,145308000000.0,123930000000.0,-10959000000.0,99584000000.0
AMAT,7954000000.0,7654000000.0,12384000000.0,26517000000.0,6856000000.0,8469000000.0,21910000000.0,30729000000.0,7372000000.0,5999000000.0,-1106000000.0,7594000000.0
ADM,4941000000.0,4057000000.0,7513000000.0,93935000000.0,3483000000.0,6000000000.0,32497000000.0,54631000000.0,18662000000.0,9596000000.0,-1494000000.0,2966000000.0
ANET,2257249000.0,2257249000.0,3630281000.0,5860168000.0,2087321000.0,2327879000.0,7219059000.0,9946806000.0,1909606000.0,,-34434000.0,1999580000.0
AIZ,914800000.0,,,11131600000.0,642500000.0,,6889900000.0,33635200000.0,,2080400000.0,-202500000.0,935600000.0
ATO,1136922000.0,1067147000.0,2058278000.0,4275357000.0,885862000.0,1741249000.0,17677620000.0,22516968000.0,1352592000.0,7037828000.0,-2805973000.0,653770000.0
ADSK,,,,,,,3426000000.0,9438000000.0,4000000000.0,2666000000.0,-46000000.0,2025000000.0
ADP,4690900000.0,4507400000.0,8058800000.0,18012200000.0,3412000000.0,5240200000.0,6603500000.0,50971000000.0,42767600000.0,3444300000.0,-571600000.0,3636000000.0
AZO,3486040000.0,3473986000.0,9070422000.0,17457209000.0,2528426000.0,3983617000.0,3318655000.0,15985878000.0,8511856000.0,10929767000.0,-796657000.0,2144131000.0
AVB,1144583000.0,886278000.0,1779777000.0,2767909000.0,928825000.0,1961548000.0,19765063000.0,20678214000.0,694554000.0,8135054000.0,-197274000.0,1362755000.0
AVY,813700000.0,963800000.0,2277500000.0,8364300000.0,503000000.0,1112100000.0,5372200000.0,8209800000.0,2699500000.0,3244300000.0,-285100000.0,540900000.0
AXON,161995000.0,154789000.0,955382000.0,1563391000.0,174227000.0,194633000.0,2289147000.0,3436845000.0,799969000.0,710663000.0,-60270000.0,128993000.0
BKR,2871000000.0,2640000000.0,5251000000.0,25506000000.0,1943000000.0,3958000000.0,21389000000.0,36945000000.0,12991000000.0,6021000000.0,-1224000000.0,1838000000.0
BALL,1273000000.0,1426000000.0,2670000000.0,14029000000.0,707000000.0,1959000000.0,12338000000.0,19303000000.0,6185000000.0,8569000000.0,-1045000000.0,818000000.0
BAC,,,,98581000000.0,26515000000.0,,597551000000.0,3180151000000.0,,334302000000.0,,44982000000.0
BK,,,,17293000000.0,3286000000.0,,68267000000.0,409953000000.0,,31736000000.0,-1220000000.0,4692000000.0
BBWI,1366000000.0,1285000000.0,3236000000.0,7429000000.0,878000000.0,1635000000.0,2761000000.0,5463000000.0,1289000000.0,5573000000.0,-298000000.0,656000000.0
BAX,409000000.0,412000000.0,4975000000.0,14813000000.0,2656000000.0,1672000000.0,22200000000.0,28276000000.0,6503000000.0,14364000000.0,-692000000.0,1034000000.0
BDX,2114000000.0,2424000000.0,8170000000.0,19372000000.0,1484000000.0,4402000000.0,41676000000.0,52780000000.0,6641000000.0,15879000000.0,-874000000.0,2115000000.0
WRB,1881862000.0,,,12111139000.0,1381359000.0,,10292472000.0,37202015000.0,,2837041000.0,-53080000.0,2876158000.0
BRK-B,125169000000.0,,,439337000000.0,96223000000.0,,689544000000.0,1069978000000.0,,128271000000.0,-19409000000.0,29787000000.0
BBY,1673000000.0,1727000000.0,9603000000.0,43452000000.0,1241000000.0,2596000000.0,4205000000.0,14967000000.0,7909000000.0,3982000000.0,-795000000.0,675000000.0
BIO,-800665000.0,337796000.0,1426946000.0,2671262000.0,-637324000.0,-654765000.0,9940719000.0,12299070000.0,522799000.0,1405443000.0,-156680000.0,218263000.0
BIIB,1543700000.0,1831100000.0,7302200000.0,9835600000.0,1161100000.0,2038500000.0,21737600000.0,26844800000.0,3434300000.0,7338200000.0,-311400000.0,1235800000.0
TECH,349874000.0,290998000.0,769815000.0,1136702000.0,285263000.0,457112000.0,2316516000.0,2638692000.0,128509000.0,454965000.0,-38244000.0,216149000.0
BLK,7447000000.0,6333000000.0,8428000000.0,17859000000.0,5502000000.0,7874000000.0,47265000000.0,123211000000.0,1240000000.0,9702000000.0,-344000000.0,3821000000.0
BX,,,,7006649000.0,1390880000.0,,18120857000.0,40287530000.0,,12293882000.0,-224231000.0,3832675000.0
BA,454000000.0,-821000000.0,7724000000.0,77794000000.0,-2222000000.0,2315000000.0,34821000000.0,137012000000.0,95827000000.0,52603000000.0,-1527000000.0,4433000000.0
BKNG,6378000000.0,5835000000.0,,21365000000.0,4289000000.0,7043000000.0,11440000000.0,24342000000.0,13330000000.0,14783000000.0,-345000000.0,6999000000.0
BWA,1064000000.0,1248000000.0,2568000000.0,14198000000.0,625000000.0,1646000000.0,9608000000.0,14453000000.0,3767000000.0,3929000000.0,-832000000.0,565000000.0
BXP,870996000.0,1038655000.0,2057397000.0,3273569000.0,190215000.0,1703749000.0,21732994000.0,26026149000.0,763189000.0,16624649000.0,,1301520000.0
BSX,2250000000.0,2417000000.0,9895000000.0,14240000000.0,1593000000.0,3446000000.0,28378000000.0,35136000000.0,4933000000.0,9492000000.0,-800000000.0,1703000000.0
BMY,9606000000.0,8195000000.0,34313000000.0,45006000000.0,8025000000.0,19366000000.0,69202000000.0,95159000000.0,22262000000.0,41464000000.0,-1209000000.0,12651000000.0
BR,938600000.0,936400000.0,1785400000.0,6060900000.0,630600000.0,1363600000.0,5653800000.0,8233200000.0,2397800000.0,3652600000.0,-75200000.0,748100000.0
AVGO,16719000000.0,16451000000.0,24690000000.0,35819000000.0,14082000000.0,20554000000.0,63168000000.0,72861000000.0,7405000000.0,39229000000.0,-452000000.0,17633000000.0
BRO,1343800000.0,1156900000.0,2012800000.0,4199400000.0,870500000.0,1549800000.0,9374400000.0,14883400000.0,4956900000.0,4019600000.0,-68900000.0,940600000.0
BF-B,1425000000.0,1147000000.0,2526000000.0,4178000000.0,1024000000.0,1512000000.0,6617000000.0,8166000000.0,1559000000.0,3100000000.0,-228000000.0,419000000.0
BLDR,2176319000.0,2176319000.0,6012334000.0,17097330000.0,1540555000.0,2734594000.0,7913411000.0,10499452000.0,1863437000.0,3713358000.0,-476335000.0,1830537000.0
CBOE,1110000000.0,1065300000.0,1492200000.0,3773500000.0,761400000.0,1268000000.0,5424200000.0,7487500000.0,1383400000.0,1610800000.0,-45000000.0,1030600000.0
CBRE,1090000000.0,1090000000.0,6274000000.0,31949000000.0,986000000.0,1712000000.0,11762000000.0,22548000000.0,8243000000.0,4826000000.0,-305000000.0,175000000.0
CDW,1676800000.0,1680900000.0,4652400000.0,21376000000.0,1104300000.0,1947500000.0,7687400000.0,13284600000.0,5442000000.0,5808900000.0,-148200000.0,1450500000.0
CF,2392000000.0,2252000000.0,2545000000.0,6631000000.0,1525000000.0,3261000000.0,8685000000.0,14376000000.0,800000000.0,3232000000.0,-501000000.0,2256000000.0
CHRW,514607000.0,514607000.0,1138873000.0,17596443000.0,325129000.0,613592000.0,2999184000.0,5225280000.0,2051993000.0,1952501000.0,-84111000.0,647835000.0
CI,6959000000.0,,,195187000000.0,5164000000.0,,77153000000.0,152761000000.0,,30930000000.0,-1573000000.0,10240000000.0
CME,4313000000.0,3435700000.0,4750300000.0,5578900000.0,3226200000.0,4665600000.0,30163300000.0,129706100000.0,93416900000.0,3425400000.0,-76400000.0,3377400000.0
CMS,1597000000.0,1235000000.0,2862000000.0,7462000000.0,887000000.0,2777000000.0,22901000000.0,33517000000.0,2895000000.0,15643000000.0,-2574000000.0,-265000000.0
CSX,5700000000.0,5556000000.0,5527000000.0,14657000000.0,3715000000.0,7311000000.0,30661000000.0,42408000000.0,3224000000.0,19024000000.0,-2281000000.0,3268000000.0
CVS,13831000000.0,14599000000.0,54431000000.0,357776000000.0,8344000000.0,18197000000.0,138071000000.0,249728000000.0,79189000000.0,79385000000.0,-3031000000.0,10395000000.0
CTRA,2219000000.0,2154000000.0,2736000000.0,5914000000.0,1625000000.0,3860000000.0,15200000000.0,20415000000.0,1660000000.0,2526000000.0,-2099000000.0,1559000000.0
CDNS,1318111000.0,1262238000.0,3654945000.0,4089986000.0,1041144000.0,1463854000.0,4053327000.0,5669491000.0,1590867000.0,764414000.0,-102503000.0,1246673000.0
CZR,2294000000.0,2554000000.0,6133000000.0,11528000000.0,786000000.0,3555000000.0,16841000000.0,33366000000.0,2690000000.0,25071000000.0,-1294000000.0,515000000.0
CPT,547598000.0,323816000.0,957684000.0,1542027000.0,403309000.0,1122411000.0,8696157000.0,9383737000.0,429543000.0,3715400000.0,-410934000.0,384016000.0
CPB,1316000000.0,1312000000.0,2917000000.0,9357000000.0,858000000.0,1703000000.0,8322000000.0,12058000000.0,2222000000.0,4967000000.0,-370000000.0,773000000.0
COF,,,,36787000000.0,4887000000.0,,107407000000.0,478464000000.0,,49318000000.0,-961000000.0,19614000000.0
CAH,731000000.0,1770000000.0,6889000000.0,205012000000.0,261000000.0,1423000000.0,1849000000.0,43417000000.0,33706000000.0,4701000000.0,-481000000.0,2358000000.0
KMX,1405045000.0,-205719000.0,2713209000.0,26536040000.0,479204000.0,1665459000.0,24830845000.0,27196797000.0,2312289000.0,19310476000.0,-465307000.0,-6690000.0
CARR,2446000000.0,2468000000.0,6383000000.0,22098000000.0,1349000000.0,2988000000.0,22970000000.0,32822000000.0,6891000000.0,14684000000.0,-469000000.0,2138000000.0
CTLT,-156000000.0,47000000.0,1040000000.0,4263000000.0,-256000000.0,266000000.0,9460000000.0,10777000000.0,1530000000.0,4860000000.0,-576000000.0,-322000000.0
CAT,13561000000.0,12966000000.0,23263000000.0,67060000000.0,10335000000.0,15705000000.0,57433000000.0,87476000000.0,34728000000.0,37878000000.0,-3092000000.0,9793000000.0
CE,1903000000.0,1218000000.0,2603000000.0,10940000000.0,1960000000.0,2642000000.0,20775000000.0,26597000000.0,4072000000.0,14098000000.0,-568000000.0,1331000000.0
CNC,4323000000.0,3459000000.0,17315000000.0,153999000000.0,2702000000.0,5616000000.0,43669000000.0,84641000000.0,36716000000.0,18877000000.0,-799000000.0,7254000000.0
CNP,1788000000.0,1760000000.0,3686000000.0,8696000000.0,917000000.0,3189000000.0,28285000000.0,39715000000.0,3864000000.0,18618000000.0,-4401000000.0,-524000000.0
CDAY,,,,,,,,,,,,
CRL,717994000.0,617261000.0,1502556000.0,4129409000.0,474624000.0,1032118000.0,6244029000.0,8195001000.0,1055082000.0,3066381000.0,-318528000.0,365370000.0
CHTR,12042000000.0,12506000000.0,24855000000.0,54607000000.0,4557000000.0,20738000000.0,108863000000.0,147193000000.0,13214000000.0,97777000000.0,-10943000000.0,3490000000.0
CVX,30053000000.0,26229000000.0,60391000000.0,196913000000.0,21369000000.0,47815000000.0,181159000000.0,261632000000.0,32258000000.0,20836000000.0,-15829000000.0,19780000000.0
CMG,1633114000.0,1633114000.0,2586092000.0,9871649000.0,1228737000.0,1952508000.0,3062207000.0,8044362000.0,1030625000.0,4051625000.0,-560731000.0,1222746000.0
CB,10198000000.0,,,49826000000.0,9028000000.0,,74002000000.0,230682000000.0,,14495000000.0,,12632000000.0
CHD,1078300000.0,1057400000.0,2588500000.0,5867900000.0,755600000.0,1303500000.0,6261400000.0,8569200000.0,1422000000.0,2406000000.0,-223500000.0,807100000.0
CINF,2330000000.0,,,10013000000.0,1843000000.0,,12913000000.0,32769000000.0,,874000000.0,-18000000.0,2034000000.0
CSCO,15745000000.0,15562000000.0,35753000000.0,56998000000.0,12613000000.0,17471000000.0,52744000000.0,101852000000.0,31309000000.0,8391000000.0,-849000000.0,19037000000.0
CTAS,1804380000.0,1802664000.0,4173368000.0,8815769000.0,1348010000.0,2213542000.0,6350391000.0,8546356000.0,1230062000.0,2668393000.0,-331109000.0,1266705000.0
C,,,,78486000000.0,9228000000.0,,511929000000.0,2411834000000.0,,324076000000.0,-6583000000.0,-79999000000.0
CFG,,,,8224000000.0,1608000000.0,,36300000000.0,221964000000.0,,13972000000.0,-172000000.0,2789000000.0
CLX,328000000.0,823000000.0,2908000000.0,7389000000.0,149000000.0,564000000.0,2747000000.0,5945000000.0,1917000000.0,2924000000.0,-228000000.0,930000000.0
KO,14479000000.0,13083000000.0,27234000000.0,45754000000.0,10714000000.0,15607000000.0,68005000000.0,97703000000.0,23571000000.0,42064000000.0,-1852000000.0,9747000000.0
CTSH,2828000000.0,2918000000.0,6689000000.0,19353000000.0,2126000000.0,3383000000.0,13866000000.0,18483000000.0,3333000000.0,1315000000.0,-317000000.0,2013000000.0
CL,3679000000.0,4085000000.0,11326000000.0,19457000000.0,2300000000.0,4246000000.0,9158000000.0,16393000000.0,4741000000.0,9064000000.0,-705000000.0,3040000000.0
CMCSA,24565000000.0,23313000000.0,84810000000.0,121572000000.0,15388000000.0,38901000000.0,179793000000.0,264811000000.0,40198000000.0,97090000000.0,-15540000000.0,12961000000.0
CMA,,,,3592000000.0,881000000.0,,15783000000.0,85834000000.0,,9771000000.0,-153000000.0,1098000000.0
CAG,1046400000.0,863100000.0,3333400000.0,12050900000.0,347200000.0,1447300000.0,16881700000.0,20862300000.0,3241800000.0,8613500000.0,-388100000.0,1627500000.0
COP,17351000000.0,15026000000.0,18203000000.0,56141000000.0,10957000000.0,25621000000.0,67087000000.0,95924000000.0,10005000000.0,18937000000.0,-11248000000.0,8717000000.0
ED,4026000000.0,2331000000.0,7405000000.0,14663000000.0,2519000000.0,6057000000.0,45623000000.0,66331000000.0,6462000000.0,25010000000.0,-4494000000.0,-2338000000.0
STZ,2657200000.0,3169700000.0,5017500000.0,9961800000.0,1727400000.0,3085100000.0,21622400000.0,25691700000.0,3141700000.0,12557600000.0,-1269100000.0,1510900000.0
CEG,2878000000.0,2459000000.0,3232000000.0,24918000000.0,1623000000.0,4761000000.0,20186000000.0,50758000000.0,6319000000.0,9261000000.0,-2422000000.0,-7723000000.0
COO,518200000.0,533100000.0,2357900000.0,3593200000.0,294200000.0,885900000.0,10115600000.0,11658900000.0,969000000.0,2569200000.0,-392500000.0,215000000.0
CPRT,1486569000.0,1486569000.0,1736991000.0,3869518000.0,1237741000.0,1646253000.0,5998343000.0,6737879000.0,492769000.0,120453000.0,-516636000.0,847574000.0
COR,2436486000.0,2685605000.0,8959493000.0,262173411000.0,1745293000.0,3417334000.0,5309460000.0,62558746000.0,48831198000.0,4787457000.0,-458359000.0,3452975000.0
GLW,1145000000.0,890000000.0,3931000000.0,12588000000.0,581000000.0,2514000000.0,19077000000.0,28500000000.0,4319000000.0,8484000000.0,-1390000000.0,615000000.0
CPAY,1673612000.0,1656873000.0,2937811000.0,3757719000.0,981890000.0,2010216000.0,10005264000.0,15476252000.0,6825753000.0,6722905000.0,-153822000.0,1947310000.0
CTVA,1326000000.0,2110000000.0,7306000000.0,17226000000.0,735000000.0,2537000000.0,27525000000.0,42996000000.0,10409000000.0,2489000000.0,-595000000.0,1174000000.0
COST,8647000000.0,8114000000.0,29704000000.0,242290000000.0,6292000000.0,10724000000.0,31516000000.0,68994000000.0,33583000000.0,8884000000.0,-4323000000.0,6745000000.0
CSGP,282300000.0,282300000.0,1963500000.0,2455000000.0,374700000.0,389800000.0,8329100000.0,8919700000.0,455800000.0,1110400000.0,-25300000.0,464200000.0
CCI,2349000000.0,2488000000.0,5001000000.0,6981000000.0,1502000000.0,4103000000.0,29302000000.0,38527000000.0,2585000000.0,28814000000.0,-1424000000.0,1702000000.0
CMI,2001000000.0,1412000000.0,8249000000.0,34065000000.0,735000000.0,3025000000.0,15546000000.0,32005000000.0,12903000000.0,7208000000.0,-1213000000.0,2753000000.0
DHI,6101600000.0,6101600000.0,9350400000.0,35460400000.0,4745700000.0,6193200000.0,27790700000.0,32582400000.0,2083500000.0,5142600000.0,-148600000.0,4155500000.0
DTE,2357000000.0,2292000000.0,4327000000.0,12745000000.0,1397000000.0,3963000000.0,31882000000.0,44755000000.0,5883000000.0,20970000000.0,-3934000000.0,-714000000.0
DHR,5330000000.0,5279000000.0,14034000000.0,23890000000.0,4764000000.0,7496000000.0,71888000000.0,84488000000.0,8274000000.0,19536000000.0,-1383000000.0,5781000000.0
DRI,1318700000.0,1326600000.0,2410200000.0,11390000000.0,1027600000.0,1778600000.0,3751500000.0,11323000000.0,2192500000.0,5427800000.0,-628300000.0,983600000.0
DVA,1575645000.0,1601003000.0,3820430000.0,12140147000.0,691535000.0,2321088000.0,9447730000.0,16893578000.0,2642214000.0,11116421000.0,-567985000.0,1491046000.0
DECK,981505000.0,927514000.0,2385488000.0,4287763000.0,759563000.0,1038671000.0,2107468000.0,3135579000.0,719993000.0,266879000.0,-89365000.0,943819000.0
DE,15472000000.0,14591000000.0,22306000000.0,60248000000.0,10166000000.0,17476000000.0,85171000000.0,104087000000.0,41064000000.0,63692000000.0,-4468000000.0,4121000000.0
DAL,6442000000.0,5277000000.0,10094000000.0,58048000000.0,4609000000.0,8783000000.0,31159000000.0,73644000000.0,26418000000.0,27281000000.0,-5323000000.0,1141000000.0
DVN,4992000000.0,4910000000.0,5367000000.0,15258000000.0,3747000000.0,7546000000.0,18216000000.0,24490000000.0,2949000000.0,6450000000.0,-3947000000.0,2597000000.0
DXCM,730700000.0,597700000.0,2288900000.0,3622300000.0,541500000.0,916700000.0,4502800000.0,6264500000.0,1556000000.0,2594000000.0,-236600000.0,511900000.0
FANG,4423000000.0,4581000000.0,4798000000.0,8339000000.0,3143000000.0,6169000000.0,23266000000.0,29001000000.0,2108000000.0,6801000000.0,-4714000000.0,1206000000.0
DLR,1463632000.0,727546000.0,2878990000.0,5477061000.0,948838000.0,3158491000.0,35811751000.0,44113258000.0,4408260000.0,18968001000.0,,1634780000.0
DIS,6742000000.0,8992000000.0,29697000000.0,88898000000.0,2354000000.0,12111000000.0,145708000000.0,205579000000.0,31139000000.0,49895000000.0,-4969000000.0,4897000000.0
DFS,,,,15860000000.0,2940000000.0,,35103000000.0,151522000000.0,,21331000000.0,-303000000.0,8260000000.0
DG,2446300000.0,2446300000.0,11719024000.0,38691609000.0,1661274000.0,3295093000.0,13749303000.0,30795591000.0,6725701000.0,18090766000.0,-1700222000.0,691576000.0
DLTR,-881900000.0,187200000.0,9331800000.0,30603800000.0,-998400000.0,-40900000.0,10739400000.0,22023500000.0,4696700000.0,10386900000.0,-2107600000.0,576900000.0
D,3694000000.0,3694000000.0,6958000000.0,14393000000.0,1994000000.0,6822000000.0,69797000000.0,109032000000.0,24476000000.0,44243000000.0,-10211000000.0,-3639000000.0
DPZ,848915000.0,819668000.0,1727417000.0,4479358000.0,519118000.0,929555000.0,920061000.0,1674899000.0,547350000.0,5209306000.0,-105396000.0,485468000.0
DOV,1401311000.0,1366343000.0,3084633000.0,8438134000.0,1056828000.0,1718774000.0,8566646000.0,11348513000.0,2499836000.0,3681814000.0,-192592000.0,1143753000.0
DOW,1402000000.0,2100000000.0,4880000000.0,44622000000.0,589000000.0,4013000000.0,32820000000.0,57967000000.0,9957000000.0,16447000000.0,-2477000000.0,2719000000.0
DUK,7781000000.0,7103000000.0,13756000000.0,29060000000.0,2841000000.0,13865000000.0,126690000000.0,176893000000.0,17283000000.0,80457000000.0,-12604000000.0,-2726000000.0
DD,900000000.0,1708000000.0,4233000000.0,12068000000.0,423000000.0,2047000000.0,32010000000.0,38552000000.0,3098000000.0,7741000000.0,-2380000000.0,-462000000.0
EOG,9837000000.0,8892000000.0,17573000000.0,23182000000.0,7594000000.0,13329000000.0,31706000000.0,43857000000.0,4074000000.0,4800000000.0,-6185000000.0,5155000000.0
EQT,2323158000.0,658599000.0,925880000.0,5069982000.0,1735232000.0,4072243000.0,20568313000.0,25285098000.0,2036840000.0,5841493000.0,-2019037000.0,1159813000.0
EMN,1312000000.0,1054000000.0,2061000000.0,9210000000.0,894000000.0,1810000000.0,10304000000.0,14633000000.0,2576000000.0,4846000000.0,-833000000.0,541000000.0
EBAY,3970000000.0,1941000000.0,7279000000.0,10112000000.0,2767000000.0,4373000000.0,14119000000.0,21620000000.0,4520000000.0,8228000000.0,-456000000.0,1970000000.0
ECL,2104400000.0,2103700000.0,6165300000.0,15320200000.0,1372300000.0,3028000000.0,16226500000.0,21846600000.0,4345800000.0,8733400000.0,-774800000.0,1637000000.0
EIX,3127000000.0,2728000000.0,6714000000.0,16338000000.0,1407000000.0,5848000000.0,47918000000.0,81758000000.0,8598000000.0,35311000000.0,-5448000000.0,-2047000000.0
EW,1615700000.0,1729800000.0,4625000000.0,6004800000.0,1402400000.0,1760600000.0,7247000000.0,9363200000.0,1195400000.0,694900000.0,-266300000.0,629500000.0
EA,1647000000.0,1580000000.0,5852000000.0,7562000000.0,1273000000.0,2051000000.0,9395000000.0,13420000000.0,3090000000.0,1948000000.0,-199000000.0,2116000000.0
EMR,2987000000.0,2759000000.0,7427000000.0,15165000000.0,13219000000.0,4038000000.0,28846000000.0,42746000000.0,5032000000.0,8561000000.0,-363000000.0,274000000.0
ENPH,521978000.0,461425000.0,1058388000.0,2290786000.0,438936000.0,596686000.0,2277362000.0,3383012000.0,532449000.0,1298958000.0,-110401000.0,586379000.0
ETR,2678181000.0,2660654000.0,5329436000.0,12147412000.0,2362310000.0,4922660000.0,40868714000.0,59703396000.0,6396492000.0,26246067000.0,-4711625000.0,-417297000.0
EPAM,527161000.0,527161000.0,1434026000.0,4690540000.0,417083000.0,659863000.0,3497017000.0,4352365000.0,644932000.0,171945000.0,-28415000.0,534219000.0
EFX,959300000.0,933600000.0,2930100000.0,5265200000.0,545300000.0,1579100000.0,10245300000.0,12280000000.0,2019000000.0,5711200000.0,-601300000.0,515500000.0
EQIX,1526252000.0,1450640000.0,3960478000.0,8188136000.0,969178000.0,3371390000.0,26220788000.0,32650724000.0,3162250000.0,17455113000.0,-2781018000.0,435577000.0
EQR,1144570000.0,878046000.0,1827471000.0,2873964000.0,835438000.0,2046074000.0,18438998000.0,20034564000.0,838508000.0,7702090000.0,-333540000.0,1199258000.0
ESS,643613000.0,525435000.0,1138044000.0,1669395000.0,405825000.0,1192051000.0,11628481000.0,12361427000.0,352755000.0,6270826000.0,-140371000.0,839693000.0
ETSY,306862000.0,347932000.0,1919702000.0,2748377000.0,307568000.0,398185000.0,1740102000.0,2685400000.0,710781000.0,2389516000.0,-39908000.0,665605000.0
EVRG,1277600000.0,1282400000.0,2765500000.0,5508200000.0,731300000.0,2416500000.0,22810200000.0,30976100000.0,3512600000.0,13147100000.0,-2334000000.0,-353800000.0
ES,580404000.0,2532235000.0,4846761000.0,11910705000.0,-442240000.0,1396127000.0,40928269000.0,55612245000.0,6341397000.0,26754377000.0,-4336849000.0,-2690688000.0
EXC,4431000000.0,4013000000.0,8927000000.0,21727000000.0,2328000000.0,7937000000.0,69763000000.0,101546000000.0,9591000000.0,44008000000.0,-7408000000.0,-2705000000.0
EXPE,1263000000.0,1467000000.0,11266000000.0,12839000000.0,797000000.0,2070000000.0,7787000000.0,21642000000.0,11783000000.0,6567000000.0,-846000000.0,1844000000.0
EXPD,1019828000.0,939933000.0,1245476000.0,9300110000.0,752883000.0,1087588000.0,2390350000.0,4523809000.0,1704412000.0,527733000.0,-39314000.0,1013877000.0
EXR,1309833000.0,1236873000.0,1889334000.0,2560244000.0,803198000.0,1815886000.0,25407669000.0,27456262000.0,1087587000.0,11253263000.0,-15994000.0,1386480000.0
XOM,53632000000.0,43747000000.0,84142000000.0,334697000000.0,36010000000.0,74273000000.0,242537000000.0,376317000000.0,65316000000.0,41573000000.0,-21919000000.0,33450000000.0
FMC,537400000.0,749700000.0,1831000000.0,4486800000.0,1321500000.0,721700000.0,8368500000.0,11926200000.0,3384600000.0,4105200000.0,-133900000.0,-520300000.0
META,47874000000.0,46751000000.0,108943000000.0,134902000000.0,39098000000.0,59052000000.0,171553000000.0,229623000000.0,31960000000.0,37234000000.0,-27266000000.0,43847000000.0
FDS,650273000.0,655153000.0,1112283000.0,2085508000.0,468173000.0,788001000.0,3232630000.0,3962922000.0,484251000.0,1839921000.0,-60786000.0,584787000.0
FICO,649170000.0,640889000.0,1202504000.0,1513557000.0,429375000.0,663808000.0,1173668000.0,1575281000.0,367688000.0,1901897000.0,-4237000.0,464678000.0
FAST,1532800000.0,1528700000.0,3354500000.0,7346700000.0,1155000000.0,1710100000.0,3608800000.0,4462900000.0,661300000.0,535000000.0,-172800000.0,1259900000.0
FRT,415026000.0,396589000.0,769059000.0,1132154000.0,236985000.0,736789000.0,7402864000.0,8436512000.0,297830000.0,4687717000.0,-311120000.0,244710000.0
FDX,6581000000.0,7020000000.0,18952000000.0,87693000000.0,4331000000.0,10868000000.0,47785000000.0,87007000000.0,13355000000.0,37719000000.0,-5176000000.0,3136000000.0
FFIV,537956000.0,537956000.0,2219861000.0,2813169000.0,394948000.0,650658000.0,2800232000.0,5248333000.0,1472781000.0,280986000.0,-54184000.0,599225000.0
FIS,1376000000.0,1580000000.0,3676000000.0,9821000000.0,-6654000000.0,4051000000.0,38171000000.0,55105000000.0,18318000000.0,19341000000.0,-1122000000.0,3213000000.0
FITB,,,,8543000000.0,2349000000.0,,35964000000.0,214574000000.0,,18908000000.0,-491000000.0,4018000000.0
FSLR,904255000.0,885973000.0,1300679000.0,3318602000.0,830777000.0,1212249000.0,7247775000.0,10365132000.0,1306158000.0,624389000.0,-1386775000.0,-784515000.0
FI,4902000000.0,4847000000.0,11423000000.0,19093000000.0,3068000000.0,8023000000.0,52010000000.0,90890000000.0,33552000000.0,23236000000.0,-1388000000.0,3774000000.0
FE,2491000000.0,2188000000.0,8224000000.0,12870000000.0,1102000000.0,3952000000.0,35347000000.0,48767000000.0,5386000000.0,24910000000.0,,1387000000.0
F,5285000000.0,5458000000.0,16160000000.0,176191000000.0,4347000000.0,11808000000.0,192004000000.0,273310000000.0,101531000000.0,151107000000.0,-8236000000.0,6682000000.0
FTNT,1354700000.0,1236500000.0,4067600000.0,5304800000.0,1147800000.0,1468100000.0,528900000.0,7258900000.0,3719000000.0,992300000.0,-204100000.0,1731400000.0
FTV,1114300000.0,1133700000.0,3594100000.0,6065300000.0,865800000.0,1571100000.0,13965100000.0,16911800000.0,1791300000.0,3810100000.0,-107800000.0,1245800000.0
BEN,1539400000.0,1102300000.0,4355400000.0,7849400000.0,882800000.0,1984800000.0,23201500000.0,30121200000.0,1393200000.0,11752400000.0,-148800000.0,989900000.0
FCX,6521000000.0,6225000000.0,7160000000.0,22855000000.0,1848000000.0,8589000000.0,26115000000.0,52506000000.0,5815000000.0,9853000000.0,-4824000000.0,455000000.0
GEHC,2903000000.0,2435000000.0,7922000000.0,19552000000.0,1568000000.0,3513000000.0,16575000000.0,32454000000.0,8981000000.0,9863000000.0,-387000000.0,1714000000.0
AJG,1481800000.0,1859100000.0,4245300000.0,10071900000.0,969500000.0,2178300000.0,18740300000.0,51615800000.0,31064700000.0,8317200000.0,-193600000.0,1838100000.0
IT,1279901000.0,1111071000.0,4003716000.0,5906956000.0,882466000.0,1471004000.0,3138930000.0,7835919000.0,3777719000.0,3070195000.0,-103124000.0,1052613000.0
GEV,22000000.0,-1021000000.0,4803000000.0,33239000000.0,-540000000.0,986000000.0,8004000000.0,47194000000.0,29430000000.0,,-744000000.0,442000000.0
GNRC,387927000.0,386659000.0,1365431000.0,4022667000.0,203089000.0,554529000.0,3844161000.0,5093312000.0,880771000.0,1733566000.0,-129060000.0,392610000.0
GD,4383000000.0,4245000000.0,6672000000.0,42272000000.0,3315000000.0,5246000000.0,30560000000.0,54810000000.0,16432000000.0,11083000000.0,-904000000.0,3806000000.0
GE,11309000000.0,3574000000.0,17562000000.0,67954000000.0,9481000000.0,13388000000.0,48342000000.0,163045000000.0,50876000000.0,22937000000.0,-1595000000.0,3584000000.0
GIS,3526300000.0,3673100000.0,6932100000.0,19857200000.0,2496600000.0,4079000000.0,22326800000.0,31469900000.0,7033100000.0,13315100000.0,-774100000.0,2528500000.0
GM,11314000000.0,9298000000.0,19138000000.0,171842000000.0,10127000000.0,23202000000.0,186027000000.0,273064000000.0,94445000000.0,122648000000.0,-24610000000.0,-3680000000.0
GPC,1806817000.0,1747053000.0,8290672000.0,23090610000.0,1316524000.0,2157346000.0,8307275000.0,17968454000.0,7827109000.0,4886166000.0,-512675000.0,922935000.0
GILD,7803000000.0,8810000000.0,20618000000.0,27116000000.0,5665000000.0,10496000000.0,47820000000.0,62125000000.0,11280000000.0,24987000000.0,-585000000.0,7421000000.0
GPN,1830097000.0,1853130000.0,5926898000.0,9654419000.0,986233000.0,3606789000.0,40293336000.0,50570186000.0,8125729000.0,17375822000.0,-658142000.0,1590599000.0
GL,1296582000.0,,,5447533000.0,970755000.0,,6602475000.0,28051499000.0,,2115672000.0,-49553000.0,1432872000.0
GS,,,,46254000000.0,8516000000.0,,436718000000.0,1641594000000.0,,333248000000.0,-2316000000.0,-14903000000.0
GWW,2593000000.0,2565000000.0,6496000000.0,16478000000.0,1829000000.0,2807000000.0,5415000000.0,8147000000.0,1831000000.0,2752000000.0,-445000000.0,1586000000.0
HCA,9644000000.0,9627000000.0,55066000000.0,64968000000.0,5242000000.0,12721000000.0,37819000000.0,56211000000.0,12655000000.0,41859000000.0,-4744000000.0,4687000000.0
HPQ,3485000000.0,4223000000.0,11508000000.0,53718000000.0,3263000000.0,4335000000.0,8415000000.0,37004000000.0,24488000000.0,10739000000.0,-609000000.0,2962000000.0
HAL,3941000000.0,4185000000.0,4360000000.0,23018000000.0,2638000000.0,4939000000.0,17027000000.0,24683000000.0,5608000000.0,8809000000.0,-1379000000.0,2079000000.0
HIG,3287000000.0,,,24330000000.0,2504000000.0,,19355000000.0,76780000000.0,,4362000000.0,-215000000.0,4005000000.0
HAS,-1522800000.0,191400000.0,2869000000.0,5003300000.0,-1489300000.0,-863200000.0,4527700000.0,6540900000.0,2056400000.0,3496300000.0,-209300000.0,516300000.0
PEAK,,,,,,,,,,,,
JKHY,489647000.0,480688000.0,858640000.0,2077702000.0,366646000.0,680373000.0,1883510000.0,2773826000.0,523759000.0,275000000.0,-206984000.0,174575000.0
HSY,2333375000.0,2533298000.0,4997816000.0,11164992000.0,1861787000.0,2753190000.0,8913115000.0,11902941000.0,3008352000.0,5125612000.0,-771109000.0,1552081000.0
HES,2949000000.0,2897000000.0,6473000000.0,10511000000.0,1382000000.0,5142000000.0,17599000000.0,24007000000.0,3270000000.0,9598000000.0,-4108000000.0,-166000000.0
HPE,2386000000.0,2442000000.0,10239000000.0,29135000000.0,2025000000.0,5002000000.0,33537000000.0,57153000000.0,21882000000.0,13515000000.0,-2828000000.0,1600000000.0
HLT,2156000000.0,2263000000.0,2930000000.0,10235000000.0,1141000000.0,2303000000.0,6836000000.0,15401000000.0,3722000000.0,10120000000.0,-247000000.0,1699000000.0
HOLX,787200000.0,761500000.0,2071500000.0,4030400000.0,456000000.0,1110600000.0,7835100000.0,9139300000.0,1207300000.0,2904100000.0,-150200000.0,901000000.0
HD,21867000000.0,21689000000.0,50960000000.0,152669000000.0,15143000000.0,25114000000.0,45155000000.0,76530000000.0,22015000000.0,52243000000.0,-3226000000.0,17946000000.0
HON,7924000000.0,7084000000.0,13667000000.0,36662000000.0,5658000000.0,9100000000.0,36299000000.0,61525000000.0,18539000000.0,21536000000.0,-1039000000.0,4301000000.0
HRL,1086874000.0,1057674000.0,1999841000.0,12110010000.0,793572000.0,1340185000.0,11044133000.0,13448772000.0,2311776000.0,3309248000.0,-270211000.0,777636000.0
HST,975000000.0,758000000.0,3099000000.0,5311000000.0,740000000.0,1672000000.0,10842000000.0,12243000000.0,1461000000.0,4772000000.0,-646000000.0,795000000.0
HWM,1193000000.0,1216000000.0,1867000000.0,6640000000.0,765000000.0,1465000000.0,7688000000.0,10428000000.0,1784000000.0,3835000000.0,-219000000.0,682000000.0
HUBB,1020000000.0,1038500000.0,1888100000.0,5372900000.0,759800000.0,1169700000.0,5017600000.0,6914000000.0,1323400000.0,2290000000.0,-165700000.0,715100000.0
HUM,3876000000.0,,,106374000000.0,2489000000.0,,27918000000.0,47065000000.0,,11656000000.0,-1004000000.0,2977000000.0
JBHT,1000820000.0,993196000.0,2210139000.0,12829665000.0,728287000.0,1738774000.0,5679826000.0,8538260000.0,1779421000.0,1576068000.0,-1862431000.0,-117813000.0
HBAN,,,,7360000000.0,1951000000.0,,29355000000.0,189368000000.0,,12396000000.0,-140000000.0,2517000000.0
HII,948000000.0,744000000.0,1646000000.0,11454000000.0,681000000.0,1295000000.0,6538000000.0,11215000000.0,3032000000.0,2673000000.0,-292000000.0,678000000.0
IEX,812000000.0,743400000.0,1446900000.0,3273900000.0,596100000.0,964100000.0,4867100000.0,5865200000.0,500300000.0,1445800000.0,-89900000.0,626800000.0
IDXX,1102757000.0,1097128000.0,2189970000.0,3660953000.0,845042000.0,1217665000.0,2432410000.0,3259925000.0,951547000.0,1067353000.0,-133631000.0,772879000.0
ITW,4089000000.0,4040000000.0,6791000000.0,16107000000.0,2957000000.0,4484000000.0,11176000000.0,15518000000.0,4675000000.0,8370000000.0,-455000000.0,3084000000.0
ILMN,-1040000000.0,-222000000.0,2744000000.0,4504000000.0,-1161000000.0,-608000000.0,7234000000.0,10111000000.0,1570000000.0,2262000000.0,-196000000.0,282000000.0
INCY,836766000.0,649710000.0,3440649000.0,3695649000.0,597599000.0,919426000.0,5189837000.0,6782107000.0,1240379000.0,38287000.0,-47486000.0,449001000.0
PODD,250800000.0,220000000.0,1159900000.0,1697100000.0,206300000.0,323600000.0,2148500000.0,2588200000.0,451200000.0,1415800000.0,-109200000.0,36500000.0
INTC,1640000000.0,31000000.0,21711000000.0,54228000000.0,1689000000.0,11242000000.0,154868000000.0,191572000000.0,28053000000.0,49278000000.0,-25750000000.0,-14279000000.0
ICE,3702000000.0,3963000000.0,5659000000.0,9903000000.0,2368000000.0,4917000000.0,48330000000.0,136084000000.0,84626000000.0,22912000000.0,-489000000.0,3053000000.0
IBM,10297000000.0,9374000000.0,34300000000.0,61860000000.0,7502000000.0,14693000000.0,79080000000.0,135241000000.0,34122000000.0,59935000000.0,-1810000000.0,12121000000.0
IFF,-2138000000.0,578000000.0,3681000000.0,11479000000.0,-2565000000.0,-996000000.0,24682000000.0,30978000000.0,3758000000.0,10798000000.0,-503000000.0,936000000.0
IP,803000000.0,766000000.0,5287000000.0,18916000000.0,288000000.0,2235000000.0,13948000000.0,23261000000.0,3959000000.0,5905000000.0,-1141000000.0,692000000.0
IPG,1633600000.0,1482700000.0,1814200000.0,10889300000.0,1098400000.0,1897900000.0,7144400000.0,19267300000.0,10330900000.0,4671200000.0,-179300000.0,375400000.0
INTU,3237000000.0,3141000000.0,11225000000.0,14368000000.0,2384000000.0,4043000000.0,23389000000.0,27780000000.0,3790000000.0,6689000000.0,-260000000.0,4786000000.0
ISRG,1766800000.0,1766800000.0,4729500000.0,7124100000.0,1798000000.0,2188600000.0,13307600000.0,15441500000.0,1658700000.0,,-1064200000.0,749600000.0
INVH,854485000.0,699503000.0,1456134000.0,2432278000.0,519470000.0,1528772000.0,18702023000.0,19220967000.0,200590000.0,8546052000.0,-221102000.0,885986000.0
IQV,2131000000.0,2061000000.0,5239000000.0,14984000000.0,1358000000.0,3256000000.0,19785000000.0,26681000000.0,6491000000.0,13896000000.0,-649000000.0,1500000000.0
IRM,825609000.0,1110043000.0,3122489000.0,5480289000.0,184234000.0,1618627000.0,12144818000.0,17473802000.0,2236188000.0,14787359000.0,-1345097000.0,-231530000.0
JPM,,,,154952000000.0,49552000000.0,,737011000000.0,3875393000000.0,,436537000000.0,,12974000000.0
JBL,1468000000.0,1594000000.0,2867000000.0,34702000000.0,818000000.0,2392000000.0,5741000000.0,19424000000.0,12695000000.0,3248000000.0,-1030000000.0,704000000.0
J,1084787000.0,1075237000.0,3473315000.0,16352414000.0,665777000.0,1392039000.0,9421121000.0,14617109000.0,3422561000.0,3570208000.0,-137486000.0,837277000.0
JNJ,15834000000.0,23409000000.0,58606000000.0,85159000000.0,35153000000.0,23320000000.0,98106000000.0,167558000000.0,46282000000.0,29332000000.0,-5013000000.0,17778000000.0
JCI,2017000000.0,2790000000.0,8971000000.0,26793000000.0,1849000000.0,2865000000.0,25393000000.0,42242000000.0,11084000000.0,8848000000.0,-539000000.0,1682000000.0
JNPR,429000000.0,568100000.0,3201900000.0,5564500000.0,310200000.0,623700000.0,6109500000.0,9518500000.0,2104000000.0,1699700000.0,-159400000.0,713400000.0
KLAC,4086130000.0,3994696000.0,6277749000.0,10496056000.0,3387277000.0,4501243000.0,8810489000.0,14072357000.0,3742842000.0,6063132000.0,-341591000.0,3328214000.0
K,1343000000.0,1505000000.0,4283000000.0,13122000000.0,951000000.0,1762000000.0,9048000000.0,15621000000.0,5060000000.0,6526000000.0,-677000000.0,968000000.0
KVUE,2548000000.0,2484000000.0,8643000000.0,15444000000.0,1664000000.0,3175000000.0,19497000000.0,27851000000.0,5481000000.0,8427000000.0,-469000000.0,2699000000.0
KDP,3253000000.0,3194000000.0,8080000000.0,14814000000.0,2181000000.0,3973000000.0,38867000000.0,52130000000.0,8916000000.0,14824000000.0,-481000000.0,848000000.0
KEY,,,,6215000000.0,967000000.0,,34739000000.0,188281000000.0,,22607000000.0,-142000000.0,2761000000.0
KEYS,1435000000.0,1358000000.0,3532000000.0,5464000000.0,1057000000.0,1647000000.0,6448000000.0,8683000000.0,2049000000.0,2026000000.0,-196000000.0,1212000000.0
KMB,2314000000.0,3002000000.0,7032000000.0,20431000000.0,1764000000.0,3067000000.0,8899000000.0,17344000000.0,6930000000.0,8114000000.0,-766000000.0,2776000000.0
KIM,894115000.0,582610000.0,1226682000.0,1783400000.0,654273000.0,1401380000.0,17142242000.0,18274022000.0,221545000.0,7726781000.0,,1071607000.0
KMI,4248000000.0,4248000000.0,8146000000.0,15334000000.0,2391000000.0,6498000000.0,62312000000.0,71020000000.0,7221000000.0,32006000000.0,-2345000000.0,4146000000.0
KHC,4545000000.0,5167000000.0,8926000000.0,26640000000.0,2855000000.0,5506000000.0,69558000000.0,90339000000.0,8037000000.0,20032000000.0,-1013000000.0,2963000000.0
KR,3277000000.0,3126000000.0,33364000000.0,150039000000.0,2164000000.0,7027000000.0,21802000000.0,50505000000.0,16058000000.0,19247000000.0,-3904000000.0,2884000000.0
LKQ,1449000000.0,1422000000.0,5575000000.0,13866000000.0,936000000.0,1768000000.0,10418000000.0,15079000000.0,3318000000.0,5638000000.0,-358000000.0,998000000.0
LHX,1764000000.0,2025000000.0,5113000000.0,19419000000.0,1227000000.0,2930000000.0,31890000000.0,41687000000.0,8004000000.0,13125000000.0,-449000000.0,1647000000.0
LH,768500000.0,1123700000.0,3364900000.0,12161600000.0,418000000.0,1345800000.0,12929500000.0,16725100000.0,3225200000.0,5954200000.0,-453600000.0,874100000.0
LRCX,5295672000.0,5217010000.0,7776925000.0,17428516000.0,4510931000.0,5638104000.0,13175116000.0,18781643000.0,4184918000.0,5011541000.0,-501568000.0,4677370000.0
LW,882100000.0,882100000.0,1432100000.0,5350600000.0,1008900000.0,1104900000.0,4873500000.0,6519800000.0,1360200000.0,3490700000.0,-654000000.0,107700000.0
LVS,2593000000.0,2340000000.0,5167000000.0,10372000000.0,1221000000.0,3859000000.0,18147000000.0,21778000000.0,4422000000.0,14029000000.0,-1257000000.0,1970000000.0
EL,1652000000.0,1771000000.0,11346000000.0,15910000000.0,1006000000.0,2396000000.0,13699000000.0,23415000000.0,6240000000.0,10169000000.0,-3289000000.0,-1558000000.0
LDOS,615000000.0,1302000000.0,2244000000.0,15438000000.0,199000000.0,946000000.0,8883000000.0,12695000000.0,2990000000.0,5198000000.0,-207000000.0,958000000.0
LEN,5439646000.0,5439646000.0,5940984000.0,34233366000.0,3938511000.0,5549810000.0,31564692000.0,39234303000.0,1631401000.0,4984028000.0,-99799000.0,5079939000.0
LLY,7040500000.0,10787300000.0,27041900000.0,34124100000.0,5240400000.0,8567800000.0,35997200000.0,64006300000.0,27293200000.0,25225300000.0,-7392100000.0,-3152000000.0
LYV,1244788000.0,1052576000.0,5457057000.0,22749073000.0,563280000.0,1761585000.0,6576264000.0,19074045000.0,9959903000.0,8437924000.0,-475257000.0,895537000.0
LMT,9014000000.0,8507000000.0,8479000000.0,67571000000.0,6920000000.0,10444000000.0,24294000000.0,52456000000.0,16937000000.0,17459000000.0,-1691000000.0,6229000000.0
L,2372000000.0,,,15678000000.0,1434000000.0,,24707000000.0,79197000000.0,,9003000000.0,-686000000.0,3221000000.0
LOW,11658000000.0,11557000000.0,28844000000.0,86377000000.0,7726000000.0,13581000000.0,20871000000.0,41795000000.0,15568000000.0,40145000000.0,-1964000000.0,6176000000.0
LULU,2207177000.0,2207177000.0,5609405000.0,9619278000.0,1550190000.0,2586561000.0,4232081000.0,7091941000.0,1631261000.0,1403282000.0,-651865000.0,1644299000.0
MTB,,,,9398000000.0,2741000000.0,,38147000000.0,208264000000.0,,13201000000.0,-256000000.0,3649000000.0
MGM,1933056000.0,1583503000.0,7610687000.0,16164249000.0,1142180000.0,2747184000.0,10154980000.0,42368548000.0,3126068000.0,31555428000.0,-931813000.0,1758964000.0
MSCI,1555740000.0,1384609000.0,2082339000.0,2528920000.0,1148592000.0,1714959000.0,3767964000.0,5518219000.0,1517025000.0,4627862000.0,-90851000.0,1145178000.0
MRO,2254000000.0,2006000000.0,2679000000.0,6407000000.0,1554000000.0,4465000000.0,16633000000.0,19575000000.0,3922000000.0,5428000000.0,-2033000000.0,2054000000.0
MPC,15254000000.0,12586000000.0,16506000000.0,148379000000.0,9681000000.0,18561000000.0,51687000000.0,85987000000.0,20150000000.0,28501000000.0,-1890000000.0,12227000000.0
MKTX,334683000.0,315019000.0,545621000.0,752547000.0,258055000.0,411093000.0,1292963000.0,2015067000.0,582303000.0,79677000.0,-52448000.0,281319000.0
MMC,5604000000.0,5282000000.0,9637000000.0,22736000000.0,3756000000.0,6317000000.0,25654000000.0,48030000000.0,19795000000.0,15436000000.0,-416000000.0,3842000000.0
MAR,3943000000.0,3924000000.0,5124000000.0,23713000000.0,3083000000.0,4220000000.0,11191000000.0,25674000000.0,7762000000.0,12760000000.0,-452000000.0,2718000000.0
MLM,1658100000.0,1608200000.0,2022600000.0,6777200000.0,1168900000.0,2171300000.0,12378400000.0,15124900000.0,1170200000.0,4725200000.0,-650300000.0,878100000.0
MAS,1344000000.0,1355000000.0,2836000000.0,7967000000.0,908000000.0,1493000000.0,2822000000.0,5363000000.0,1695000000.0,3206000000.0,-243000000.0,1170000000.0
MA,14214000000.0,14630000000.0,19076000000.0,25098000000.0,11195000000.0,15013000000.0,22610000000.0,42448000000.0,16264000000.0,15681000000.0,-1088000000.0,10892000000.0
MTCH,936668000.0,964627000.0,2410490000.0,3364504000.0,651539000.0,998475000.0,3822694000.0,4507886000.0,531768000.0,3842242000.0,-67412000.0,829379000.0
MKC,1006900000.0,1024200000.0,2502500000.0,6662200000.0,680600000.0,1206200000.0,9472100000.0,12862300000.0,3098900000.0,4591300000.0,-263900000.0,973400000.0
MCD,11883000000.0,11745600000.0,14562500000.0,25493700000.0,8468800000.0,13861200000.0,34638600000.0,56146800000.0,6859000000.0,53091100000.0,-2357400000.0,7254500000.0
MCK,4041000000.0,4171000000.0,12828000000.0,308951000000.0,3002000000.0,4676000000.0,3658000000.0,67443000000.0,52357000000.0,7390000000.0,-687000000.0,3627000000.0
MDT,5556000000.0,5520000000.0,21148000000.0,32364000000.0,3676000000.0,8203000000.0,75177000000.0,89981000000.0,10789000000.0,25024000000.0,-1587000000.0,5200000000.0
MRK,3035000000.0,2954000000.0,43989000000.0,60115000000.0,365000000.0,6907000000.0,72636000000.0,106675000000.0,25694000000.0,35055000000.0,-3863000000.0,9143000000.0
MET,3207000000.0,,,66407000000.0,1578000000.0,,48811000000.0,687584000000.0,,18828000000.0,,13721000000.0
MTD,1051094000.0,1079683000.0,2241286000.0,3788309000.0,788778000.0,1172258000.0,1930901000.0,3355555000.0,1181082000.0,2080839000.0,-105323000.0,860551000.0
MSFT,91279000000.0,88523000000.0,146052000000.0,211915000000.0,72361000000.0,105140000000.0,253460000000.0,411976000000.0,104149000000.0,59965000000.0,-28107000000.0,59475000000.0
MCHP,2556900000.0,2558700000.0,4995700000.0,7634400000.0,1906900000.0,3436400000.0,12657600000.0,15873200000.0,2519400000.0,6032400000.0,-285100000.0,2607600000.0
MU,-5270000000.0,-5459000000.0,-1416000000.0,15540000000.0,-5833000000.0,2486000000.0,56169000000.0,64254000000.0,4765000000.0,13933000000.0,-7676000000.0,-6117000000.0
MAA,720079000.0,688902000.0,815264000.0,2148468000.0,552806000.0,1285936000.0,10653454000.0,11484503000.0,1061275000.0,4567569000.0,-539376000.0,597811000.0
MRNA,-3904000000.0,-4239000000.0,2061000000.0,6754000000.0,-4714000000.0,-3283000000.0,13854000000.0,18426000000.0,3015000000.0,1243000000.0,-707000000.0,-3825000000.0
MHK,-276995000.0,589936000.0,2709652000.0,11135115000.0,-439516000.0,353332000.0,10326571000.0,13559869000.0,3145914000.0,3149866000.0,-612929000.0,716300000.0
MOH,1573000000.0,1573000000.0,4334000000.0,34072000000.0,1091000000.0,1744000000.0,6395000000.0,14892000000.0,8168000000.0,2385000000.0,-84000000.0,1578000000.0
TAP,1486500000.0,1599100000.0,4368800000.0,11702100000.0,948900000.0,2169300000.0,19419900000.0,26375100000.0,4092600000.0,6270800000.0,-671500000.0,1407500000.0
MDLZ,6430000000.0,5611000000.0,13764000000.0,36016000000.0,4959000000.0,7645000000.0,47740000000.0,71391000000.0,19013000000.0,19945000000.0,-1112000000.0,3602000000.0
MPWR,481736000.0,481736000.0,1021119000.0,1821072000.0,427374000.0,521904000.0,2049939000.0,2434353000.0,235035000.0,5565000.0,-57578000.0,580635000.0
MNST,1953355000.0,1953355000.0,3794206000.0,7140027000.0,1630988000.0,2022253000.0,8228744000.0,9686522000.0,1161689000.0,,-234724000.0,1483029000.0
MCO,,,,,,,,,,,,
MS,,,,50667000000.0,9087000000.0,,366675000000.0,1193693000000.0,,276387000000.0,-3412000000.0,-36948000000.0
MOS,1514900000.0,1338100000.0,2210600000.0,13696100000.0,1164900000.0,2475500000.0,16051600000.0,23032800000.0,3873700000.0,3994800000.0,-1402400000.0,1004800000.0
MSI,2395000000.0,2458000000.0,4970000000.0,9978000000.0,1709000000.0,2751000000.0,6742000000.0,13336000000.0,5736000000.0,6550000000.0,-253000000.0,1791000000.0
NRG,454000000.0,-1049000000.0,2297000000.0,28823000000.0,-202000000.0,1628000000.0,13009000000.0,26038000000.0,9500000000.0,10971000000.0,-622000000.0,-843000000.0
NVR,1956113000.0,1951664000.0,2483691000.0,9534889000.0,1591611000.0,1973029000.0,5277752000.0,6601757000.0,1222733000.0,1014299000.0,-24877000.0,1473116000.0
NDAQ,1673000000.0,1806000000.0,2546000000.0,6064000000.0,1059000000.0,1996000000.0,21270000000.0,32294000000.0,9025000000.0,10871000000.0,-158000000.0,1538000000.0
NTAP,1327000000.0,1268000000.0,4433000000.0,6268000000.0,986000000.0,1582000000.0,3538000000.0,9887000000.0,4106000000.0,2652000000.0,-155000000.0,1530000000.0
NFLX,6954003000.0,6954003000.0,14007929000.0,33723297000.0,5407990000.0,21508387000.0,35131574000.0,48731992000.0,8860655000.0,14543261000.0,-348552000.0,6925749000.0
NEM,-1788000000.0,708000000.0,3005000000.0,11812000000.0,-2494000000.0,320000000.0,37901000000.0,55506000000.0,5998000000.0,9436000000.0,-2666000000.0,97000000.0
NWSA,430000000.0,706000000.0,,9879000000.0,149000000.0,1144000000.0,10989000000.0,16921000000.0,3165000000.0,4207000000.0,-499000000.0,593000000.0
NWS,430000000.0,706000000.0,,9879000000.0,149000000.0,1144000000.0,10989000000.0,16921000000.0,3165000000.0,4207000000.0,-499000000.0,593000000.0
NEE,10612000000.0,9832000000.0,17976000000.0,28114000000.0,7310000000.0,16763000000.0,120679000000.0,177489000000.0,27963000000.0,73211000000.0,-9548000000.0,1753000000.0
NKE,5915000000.0,5915000000.0,22292000000.0,51217000000.0,5070000000.0,6774000000.0,22937000000.0,37531000000.0,9256000000.0,12144000000.0,-969000000.0,4872000000.0
NI,1315100000.0,1274400000.0,2477200000.0,5505400000.0,714300000.0,2223300000.0,21911400000.0,31077200000.0,5265100000.0,14127900000.0,-2645800000.0,-710700000.0
NDSN,674844000.0,672761000.0,1425405000.0,2628632000.0,487493000.0,786742000.0,4335116000.0,5251770000.0,582089000.0,1862909000.0,-34583000.0,606699000.0
NSC,3042000000.0,4274000000.0,4435000000.0,12156000000.0,1827000000.0,4340000000.0,29960000000.0,41652000000.0,2632000000.0,17571000000.0,-2349000000.0,830000000.0
NTRS,,,,6773500000.0,1107300000.0,,24419000000.0,150783100000.0,,13406000000.0,-675800000.0,1949800000.0
NOC,2891000000.0,2537000000.0,6551000000.0,39290000000.0,2056000000.0,4229000000.0,28581000000.0,46544000000.0,11942000000.0,15678000000.0,-1775000000.0,2100000000.0
GEN,1128000000.0,1179000000.0,3081000000.0,3812000000.0,616000000.0,1613000000.0,10801000000.0,15772000000.0,2648000000.0,8655000000.0,-20000000.0,2044000000.0
NUE,6518711000.0,6230342000.0,7814394000.0,34713501000.0,4524801000.0,7687026000.0,27579829000.0,35340499000.0,4594509000.0,6842186000.0,-2214157000.0,4897774000.0
NVDA,34075000000.0,32972000000.0,44301000000.0,60922000000.0,29760000000.0,35583000000.0,52687000000.0,65728000000.0,10631000000.0,11056000000.0,-1069000000.0,27021000000.0
ORLY,3206418000.0,3186376000.0,8104803000.0,15812250000.0,2346581000.0,3615479000.0,3830847000.0,13872995000.0,7661353000.0,7841005000.0,-1006264000.0,2027820000.0
OXY,7374000000.0,6414000000.0,10109000000.0,28257000000.0,4696000000.0,14239000000.0,40964000000.0,74008000000.0,9148000000.0,20911000000.0,-6245000000.0,6063000000.0
ODFL,1648240000.0,1640673000.0,2072199000.0,5866152000.0,1239502000.0,1972689000.0,4337788000.0,5512393000.0,544658000.0,79977000.0,-757309000.0,811826000.0
OMC,2208500000.0,2104700000.0,2709500000.0,14692200000.0,1303300000.0,2419600000.0,9266800000.0,28044600000.0,16246000000.0,6503500000.0,-78400000.0,1343500000.0
ON,2610600000.0,2613600000.0,3883500000.0,8253000000.0,2183700000.0,3220100000.0,11119200000.0,13215200000.0,2183600000.0,3359800000.0,-1575600000.0,401900000.0
OKE,4363000000.0,4230000000.0,4979000000.0,17677000000.0,2659000000.0,5132000000.0,38151000000.0,44266000000.0,3452000000.0,21764000000.0,-1595000000.0,2826000000.0
ORCL,15255000000.0,16071000000.0,37818000000.0,52961000000.0,10467000000.0,21394000000.0,95573000000.0,140976000000.0,31544000000.0,86869000000.0,-6866000000.0,11807000000.0
OTIS,2186000000.0,2186000000.0,4193000000.0,14209000000.0,1406000000.0,2379000000.0,1974000000.0,10117000000.0,6479000000.0,7307000000.0,-138000000.0,1489000000.0
PCG,3549000000.0,4002000000.0,8307000000.0,24428000000.0,2256000000.0,7287000000.0,81362000000.0,125698000000.0,17314000000.0,57733000000.0,-9714000000.0,-4967000000.0
PNC,,,,21509000000.0,5578000000.0,,123842000000.0,561580000000.0,,72737000000.0,,10111000000.0
PPG,1995000000.0,2059000000.0,7501000000.0,18246000000.0,1270000000.0,2553000000.0,13886000000.0,21647000000.0,5054000000.0,6870000000.0,-549000000.0,1862000000.0
PPL,1590000000.0,1670000000.0,3276000000.0,8312000000.0,740000000.0,2925000000.0,29537000000.0,39236000000.0,3340000000.0,15604000000.0,-2390000000.0,-632000000.0
PTC,461983000.0,458014000.0,1656047000.0,2097053000.0,245540000.0,599145000.0,4373075000.0,6288842000.0,1671185000.0,1888977000.0,-24614000.0,586247000.0
PCAR,5946400000.0,5946400000.0,7630500000.0,35127400000.0,4600800000.0,6870300000.0,30113300000.0,40823400000.0,12812500000.0,14377100000.0,-1262500000.0,2927500000.0
PKG,1067400000.0,1118000000.0,1698900000.0,7802400000.0,765200000.0,1585100000.0,6869100000.0,8681100000.0,1265700000.0,3173200000.0,-469700000.0,845400000.0
PANW,586800000.0,387300000.0,4983000000.0,6892700000.0,439700000.0,869000000.0,3739900000.0,14501100000.0,7737500000.0,2270700000.0,-146300000.0,2631200000.0
PH,3253558000.0,3142199000.0,6429302000.0,19065194000.0,2082936000.0,4071687000.0,22886347000.0,29964472000.0,7735370000.0,12559459000.0,-380747000.0,2599183000.0
PAYX,2255300000.0,2174100000.0,3799000000.0,5278300000.0,1690400000.0,2431800000.0,4618300000.0,10383100000.0,5309100000.0,866300000.0,-161400000.0,1736300000.0
PAYC,474326000.0,451322000.0,1417384000.0,1693674000.0,340788000.0,588274000.0,1303036000.0,4197539000.0,2534643000.0,,-196831000.0,288206000.0
PYPL,5758000000.0,4944000000.0,13704000000.0,29771000000.0,4246000000.0,6830000000.0,30727000000.0,82166000000.0,48466000000.0,9676000000.0,-623000000.0,4220000000.0
PNR,737200000.0,739200000.0,1519200000.0,4104500000.0,622700000.0,852000000.0,5205400000.0,6563300000.0,949600000.0,2093600000.0,-76000000.0,543200000.0
PEP,12236000000.0,12913000000.0,49590000000.0,91471000000.0,9074000000.0,15754000000.0,62608000000.0,100495000000.0,31647000000.0,44661000000.0,-5518000000.0,7924000000.0
RVTY,281789000.0,300562000.0,1539691000.0,2750571000.0,693094000.0,713558000.0,11772381000.0,13564665000.0,1450463000.0,4065295000.0,-81368000.0,9904000.0
PFE,3267000000.0,3359000000.0,33542000000.0,58496000000.0,2119000000.0,9557000000.0,159859000000.0,226501000000.0,47794000000.0,70845000000.0,-3907000000.0,4793000000.0
PM,11976000000.0,12176000000.0,22281000000.0,35174000000.0,7813000000.0,13374000000.0,36684000000.0,65304000000.0,26383000000.0,47909000000.0,-1321000000.0,7883000000.0
PSX,10395000000.0,7950000000.0,17336000000.0,147399000000.0,7015000000.0,12372000000.0,49942000000.0,75501000000.0,15856000000.0,19359000000.0,-2418000000.0,4611000000.0
PNW,927016000.0,824640000.0,1844609000.0,4695991000.0,501557000.0,1781152000.0,15202786000.0,24661153000.0,2889347000.0,10303194000.0,-1846370000.0,-638673000.0
POOL,746567000.0,746567000.0,1660044000.0,5541595000.0,523229000.0,786707000.0,2366107000.0,3428068000.0,770766000.0,1364484000.0,-60096000.0,828133000.0
TROW,2038000000.0,2038000000.0,3206100000.0,6460500000.0,1788700000.0,2519600000.0,9505100000.0,12278800000.0,475700000.0,308500000.0,-307900000.0,911200000.0
PFG,,,,13665800000.0,623200000.0,,14908000000.0,305046700000.0,,3992000000.0,-102000000.0,3690400000.0
PG,19109000000.0,18134000000.0,39246000000.0,82006000000.0,14653000000.0,21823000000.0,80565000000.0,120829000000.0,35756000000.0,35424000000.0,-3062000000.0,13786000000.0
PGR,5172100000.0,,,62082300000.0,3902400000.0,,26671800000.0,88690800000.0,,6888600000.0,-252000000.0,10391300000.0
PLD,4082906000.0,3084483000.0,6013134000.0,8023469000.0,3059214000.0,6567797000.0,82118277000.0,93020840000.0,3259369000.0,29598064000.0,,5373058000.0
PRU,,,,54265000000.0,2488000000.0,,48694000000.0,721123000000.0,,20874000000.0,,6510000000.0
PEG,3769000000.0,3474000000.0,4827000000.0,11237000000.0,2563000000.0,5093000000.0,35710000000.0,50741000000.0,5057000000.0,20406000000.0,-3325000000.0,481000000.0
PSA,2372073000.0,2319056000.0,3369744000.0,4517690000.0,2148327000.0,3342129000.0,14766455000.0,19809216000.0,598993000.0,9103277000.0,-461137000.0,2785511000.0
PHM,3449736000.0,3396305000.0,4719485000.0,16061578000.0,2602372000.0,3530560000.0,12845102000.0,16087050000.0,1557374000.0,2553399000.0,-92201000.0,2104561000.0
QRVO,142805000.0,313115000.0,1488495000.0,3769506000.0,-70322000.0,463738000.0,5544384000.0,6554635000.0,1230087000.0,1988012000.0,-127230000.0,705959000.0
QCOM,8137000000.0,7788000000.0,19951000000.0,35820000000.0,7232000000.0,9946000000.0,36979000000.0,51040000000.0,9628000000.0,15398000000.0,-1450000000.0,9849000000.0
PWR,1156869000.0,1092935000.0,2937086000.0,20882206000.0,744689000.0,1770669000.0,10470947000.0,16237225000.0,5213116000.0,4463697000.0,-434803000.0,1141149000.0
DGX,1293000000.0,1262000000.0,3053000000.0,9252000000.0,854000000.0,1732000000.0,11149000000.0,14022000000.0,1815000000.0,5498000000.0,-408000000.0,864000000.0
RL,819600000.0,831300000.0,4431800000.0,6631400000.0,646300000.0,1048600000.0,3590800000.0,6602600000.0,1467200000.0,2675300000.0,-164800000.0,904900000.0
RJF,,,,11468000000.0,1739000000.0,,13274000000.0,78360000000.0,,3139000000.0,-173000000.0,-3687000000.0
RTX,5489000000.0,5341000000.0,12089000000.0,68920000000.0,3195000000.0,9700000000.0,103625000000.0,161869000000.0,46761000000.0,45239000000.0,-3166000000.0,4717000000.0
O,1707980000.0,1722316000.0,3762029000.0,4078993000.0,872309000.0,3603157000.0,54461604000.0,57779357000.0,1890713000.0,21989695000.0,,2958769000.0
REG,526643000.0,468150000.0,927697000.0,1322466000.0,364557000.0,878925000.0,10961636000.0,12426913000.0,510612000.0,4798314000.0,,719591000.0
REGN,4272300000.0,4233200000.0,11301400000.0,13117200000.0,3953600000.0,4693300000.0,27956000000.0,33080200000.0,3423400000.0,2702900000.0,-926400000.0,3667600000.0
RF,,,,7574000000.0,2074000000.0,,18100000000.0,152194000000.0,,2330000000.0,-157000000.0,2151000000.0
RSG,2699700000.0,2847800000.0,6022300000.0,14964500000.0,1731000000.0,4299000000.0,23361700000.0,31410100000.0,4228300000.0,13069100000.0,-1631100000.0,1986700000.0
RMD,1151997000.0,1151997000.0,2355662000.0,4222993000.0,897556000.0,1349559000.0,5571039000.0,6751708000.0,758533000.0,1579908000.0,-134000000.0,559299000.0
RHI,464590000.0,464590000.0,2575004000.0,6392517000.0,411146000.0,563557000.0,1588351000.0,3010789000.0,1235111000.0,241899000.0,-45874000.0,591007000.0
ROK,1743800000.0,1693300000.0,3717000000.0,9058000000.0,1278000000.0,1994200000.0,6527800000.0,11304000000.0,3365300000.0,3334900000.0,-160500000.0,1214100000.0
ROL,605312000.0,588422000.0,1603407000.0,3073278000.0,434957000.0,705064000.0,1646343000.0,2595460000.0,576689000.0,816348000.0,-32465000.0,495901000.0
ROP,1907800000.0,1745200000.0,4307200000.0,6177800000.0,1384200000.0,2663000000.0,23774900000.0,28167500000.0,2963200000.0,6373400000.0,-108000000.0,1927100000.0
ROST,2545870000.0,2307663000.0,5575340000.0,20376941000.0,1874520000.0,2965302000.0,7332056000.0,14300109000.0,4185796000.0,5747704000.0,-762812000.0,1751678000.0
SBAC,984744000.0,1114717000.0,2098962000.0,2711584000.0,501812000.0,1701053000.0,7153433000.0,10178441000.0,1363259000.0,14463465000.0,-236698000.0,1307695000.0
SPGI,4005000000.0,4054000000.0,8356000000.0,12497000000.0,2626000000.0,5148000000.0,45659000000.0,60589000000.0,6125000000.0,12000000000.0,-143000000.0,3567000000.0
CRM,5999000000.0,5999000000.0,26316000000.0,34857000000.0,4136000000.0,9958000000.0,69072000000.0,99823000000.0,26631000000.0,12588000000.0,-736000000.0,9498000000.0
HSIC,629000000.0,695000000.0,3861000000.0,12339000000.0,416000000.0,877000000.0,6006000000.0,10573000000.0,2683000000.0,2741000000.0,-187000000.0,313000000.0
SCHW,,,,18837000000.0,5067000000.0,,90763000000.0,493178000000.0,,59081000000.0,-700000000.0,18887000000.0
SRE,3936000000.0,3715000000.0,6619000000.0,16720000000.0,3075000000.0,6163000000.0,58862000000.0,87181000000.0,10090000000.0,31076000000.0,-8397000000.0,-2179000000.0
NOW,1032000000.0,762000000.0,7050000000.0,8971000000.0,1731000000.0,1594000000.0,9116000000.0,17387000000.0,7365000000.0,2284000000.0,-694000000.0,2704000000.0
SHW,3527400000.0,3627500000.0,10758100000.0,23051900000.0,2388800000.0,4149900000.0,13566700000.0,22954400000.0,6626900000.0,11809700000.0,-888400000.0,2633500000.0
SPG,3553540000.0,2807022000.0,4630450000.0,5658836000.0,2283126000.0,4887124000.0,28954556000.0,34283495000.0,3456012000.0,26518284000.0,-793283000.0,3137510000.0
SWKS,1143200000.0,1153300000.0,2107300000.0,4772400000.0,982800000.0,1756900000.0,7375000000.0,8426700000.0,955700000.0,1509300000.0,-236100000.0,1620300000.0
AOS,745500000.0,757400000.0,1484800000.0,3852800000.0,556600000.0,823800000.0,1971700000.0,3213900000.0,945300000.0,155200000.0,-72600000.0,597700000.0
SJM,1260700000.0,1448900000.0,3115400000.0,8178700000.0,744000000.0,1691500000.0,16057900000.0,20273700000.0,3761100000.0,8548000000.0,-586500000.0,642900000.0
SNA,1377900000.0,1310400000.0,2619600000.0,5108300000.0,1011100000.0,1477200000.0,6271500000.0,7544900000.0,941600000.0,1278600000.0,-95000000.0,1059200000.0
SOLV,1480000000.0,1480000000.0,4560000000.0,8241000000.0,692000000.0,2041000000.0,11712000000.0,14377000000.0,1771000000.0,8303000000.0,-290000000.0,1625000000.0
SO,6791000000.0,5826000000.0,11708000000.0,25253000000.0,3976000000.0,11777000000.0,93444000000.0,139331000000.0,13467000000.0,63490000000.0,-9095000000.0,-1542000000.0
LUV,869000000.0,224000000.0,4223000000.0,26091000000.0,465000000.0,2391000000.0,18522000000.0,36487000000.0,12256000000.0,9200000000.0,-3553000000.0,-389000000.0
SWK,183700000.0,641900000.0,3932600000.0,15781100000.0,-310500000.0,808800000.0,16233000000.0,23663800000.0,5883200000.0,7304600000.0,-338700000.0,852600000.0
SBUX,5952000000.0,5502900000.0,9846200000.0,35975600000.0,4124500000.0,7402300000.0,7404900000.0,29445500000.0,9345300000.0,24599800000.0,-2333600000.0,3675100000.0
STT,,,,11945000000.0,1944000000.0,,43136000000.0,297258000000.0,,21500000000.0,-816000000.0,-126000000.0
STLD,3295427000.0,3423214000.0,4045883000.0,18795316000.0,2450882000.0,3733231000.0,11937722000.0,14908420000.0,2332296000.0,3071056000.0,-1657905000.0,1862023000.0
SYK,3906000000.0,3906000000.0,13058000000.0,20498000000.0,3165000000.0,4934000000.0,31588000000.0,39912000000.0,7921000000.0,12995000000.0,-575000000.0,3136000000.0
SMCI,764788000.0,761142000.0,1283012000.0,7123482000.0,639998000.0,799692000.0,2262307000.0,3674729000.0,1374652000.0,290302000.0,-36793000.0,626787000.0
SNPS,1302960000.0,1346261000.0,4620426000.0,5842619000.0,1229888000.0,1550080000.0,6165386000.0,10333131000.0,2985451000.0,687803000.0,-191822000.0,1511452000.0
SYF,,,,13627000000.0,2238000000.0,,29151000000.0,117479000000.0,,15982000000.0,,8593000000.0
SYY,2812107000.0,3038549000.0,13954997000.0,76324675000.0,1770124000.0,3700784000.0,12419169000.0,22821145000.0,8540433000.0,11165867000.0,-793325000.0,2074277000.0
TJX,,,,,,,9723000000.0,28349000000.0,10305000000.0,12744000000.0,-1457000000.0,2627000000.0
TMUS,14334000000.0,14241000000.0,48370000000.0,78558000000.0,8317000000.0,27152000000.0,139733000000.0,207682000000.0,20928000000.0,113086000000.0,-10811000000.0,7748000000.0
TTWO,-3562200000.0,-1143900000.0,2241800000.0,5349600000.0,-3744200000.0,-1800600000.0,8750800000.0,12216900000.0,2406400000.0,3534000000.0,-141700000.0,-157800000.0
TPR,1170700000.0,1172400000.0,4714900000.0,6660900000.0,936000000.0,1352900000.0,3938600000.0,7116800000.0,1286500000.0,3292000000.0,-184200000.0,791000000.0
TGT,5799000000.0,5707000000.0,29676000000.0,107412000000.0,4138000000.0,8600000000.0,29470000000.0,55356000000.0,19304000000.0,19646000000.0,-4806000000.0,3815000000.0
TRGP,2630300000.0,2626200000.0,4054300000.0,16060300000.0,1345900000.0,3959900000.0,15403800000.0,20671800000.0,2760900000.0,13010400000.0,-2385400000.0,826200000.0
TDY,1036200000.0,1046800000.0,2439400000.0,5635500000.0,885700000.0,1352600000.0,12466100000.0,14527900000.0,1766100000.0,3244900000.0,-114900000.0,721200000.0
TFX,519094000.0,562713000.0,1646931000.0,2974489000.0,356328000.0,761212000.0,6256060000.0,7532546000.0,606745000.0,1926372000.0,-91442000.0,419196000.0
TER,529378000.0,522345000.0,1536748000.0,2676298000.0,448752000.0,640264000.0,2525897000.0,3486824000.0,659951000.0,82614000.0,-159642000.0,425589000.0
TSLA,10129000000.0,8891000000.0,17660000000.0,96773000000.0,14999000000.0,14796000000.0,67291000000.0,106618000000.0,28748000000.0,9573000000.0,-8899000000.0,4357000000.0
TXN,7771000000.0,7331000000.0,11019000000.0,17519000000.0,6510000000.0,9009000000.0,28120000000.0,32348000000.0,3320000000.0,11223000000.0,-5071000000.0,1349000000.0
TXT,1164000000.0,1053000000.0,2278000000.0,13683000000.0,921000000.0,1559000000.0,10861000000.0,16856000000.0,4378000000.0,3874000000.0,-402000000.0,864000000.0
TMO,7673000000.0,7318000000.0,17100000000.0,42857000000.0,5995000000.0,11079000000.0,81652000000.0,98726000000.0,14012000000.0,34917000000.0,-1479000000.0,6927000000.0
MMM,-8746000000.0,-9035000000.0,14204000000.0,32681000000.0,-6995000000.0,-6759000000.0,20842000000.0,50580000000.0,15297000000.0,16854000000.0,-1615000000.0,5065000000.0
TSCO,1478912000.0,1478912000.0,5228219000.0,14555741000.0,1107226000.0,1871961000.0,3878762000.0,9188151000.0,2177082000.0,5036018000.0,-753883000.0,580150000.0
TDG,2880000000.0,2933000000.0,3842000000.0,6585000000.0,1298000000.0,3148000000.0,17766000000.0,19970000000.0,1579000000.0,19766000000.0,-139000000.0,1236000000.0
TRV,3747000000.0,,,41373000000.0,2991000000.0,,32952000000.0,125978000000.0,,8031000000.0,,7711000000.0
TRMB,518000000.0,494400000.0,2332800000.0,3798700000.0,311300000.0,768600000.0,7566700000.0,9539300000.0,1829300000.0,3188500000.0,-42000000.0,555100000.0
TFC,,,,23390000000.0,-1091000000.0,,112122000000.0,535349000000.0,,59694000000.0,,8631000000.0
FOXA,2085000000.0,2764000000.0,,14913000000.0,1239000000.0,2496000000.0,17588000000.0,21866000000.0,3763000000.0,8207000000.0,-357000000.0,1443000000.0
FOX,2085000000.0,2764000000.0,,14913000000.0,1239000000.0,2496000000.0,17588000000.0,21866000000.0,3763000000.0,8207000000.0,-357000000.0,1443000000.0
TYL,221865000.0,218537000.0,861099000.0,1951751000.0,165919000.0,392632000.0,3584002000.0,4676663000.0,1001138000.0,696889000.0,-53009000.0,327431000.0
TSN,-323000000.0,386000000.0,2631000000.0,52881000000.0,-648000000.0,1016000000.0,27639000000.0,36251000000.0,6499000000.0,9506000000.0,-1939000000.0,-187000000.0
UDR,657460000.0,286953000.0,392523000.0,1627501000.0,444353000.0,1349298000.0,9745238000.0,11373242000.0,848924000.0,5984545000.0,-312347000.0,520317000.0
USB,,,,28013000000.0,5429000000.0,,111433000000.0,663491000000.0,,62935000000.0,,8447000000.0
UBER,2954000000.0,1110000000.0,14824000000.0,37281000000.0,1887000000.0,3777000000.0,20708000000.0,38699000000.0,9454000000.0,11199000000.0,-223000000.0,3362000000.0
ULTA,1686539000.0,1686539000.0,4381100000.0,11207303000.0,1291005000.0,1930379000.0,2279328000.0,5707011000.0,1658191000.0,1911092000.0,-435267000.0,1040999000.0
UNP,9573000000.0,9082000000.0,10529000000.0,24119000000.0,6379000000.0,11891000000.0,47367000000.0,67132000000.0,5106000000.0,34179000000.0,-3606000000.0,4773000000.0
UAL,5161000000.0,5160000000.0,15199000000.0,53717000000.0,2618000000.0,7832000000.0,38399000000.0,71104000000.0,22203000000.0,34417000000.0,-7171000000.0,-260000000.0
UPS,9358000000.0,9141000000.0,17231000000.0,90958000000.0,6708000000.0,12724000000.0,39570000000.0,70857000000.0,17676000000.0,26729000000.0,-5158000000.0,5080000000.0
URI,3846000000.0,3855000000.0,5813000000.0,14332000000.0,2424000000.0,6627000000.0,19648000000.0,25589000000.0,3637000000.0,12662000000.0,-4070000000.0,634000000.0
UNH,32358000000.0,32358000000.0,90958000000.0,371622000000.0,22381000000.0,36330000000.0,151293000000.0,273720000000.0,99054000000.0,62537000000.0,-3386000000.0,25682000000.0
UHS,1142637000.0,1175381000.0,12749148000.0,14281976000.0,717795000.0,1710678000.0,11061470000.0,13967602000.0,2013347000.0,5366628000.0,-743055000.0,524742000.0
VLO,12360000000.0,11858000000.0,12889000000.0,144766000000.0,8835000000.0,15061000000.0,37870000000.0,63056000000.0,16802000000.0,12637000000.0,-911000000.0,8318000000.0
VTR,534276000.0,415514000.0,1936581000.0,4497827000.0,-40973000.0,1949153000.0,22978954000.0,24725433000.0,1182268000.0,13685630000.0,-643005000.0,476868000.0
VLTO,1126000000.0,1140000000.0,2901000000.0,5021000000.0,839000000.0,1213000000.0,4012000000.0,5693000000.0,1265000000.0,2777000000.0,-54000000.0,909000000.0
VRSN,1051800000.0,1000600000.0,1295800000.0,1493100000.0,817600000.0,1095900000.0,209200000.0,1749000000.0,1188500000.0,1797500000.0,-45800000.0,808000000.0
VZ,22511000000.0,28718000000.0,79087000000.0,133974000000.0,11614000000.0,40135000000.0,243104000000.0,380255000000.0,53223000000.0,174942000000.0,-24563000000.0,12912000000.0
VRSK,1142700000.0,1131700000.0,1804900000.0,2681400000.0,614400000.0,1424100000.0,3142200000.0,4366100000.0,771400000.0,3095400000.0,-230000000.0,830700000.0
VRTX,4423900000.0,4307500000.0,8607000000.0,9869200000.0,3619600000.0,4605200000.0,17580400000.0,22730200000.0,3547400000.0,808400000.0,-258400000.0,3278900000.0
PARA,-333000000.0,-552000000.0,7264000000.0,29652000000.0,-608000000.0,85000000.0,37128000000.0,53543000000.0,9656000000.0,15858000000.0,-328000000.0,147000000.0
VTRS,776000000.0,983300000.0,6438600000.0,15426900000.0,54700000.0,3516500000.0,38590200000.0,47685500000.0,7777400000.0,18371200000.0,-474500000.0,2325100000.0
VICI,3366537000.0,3344848000.0,3584899000.0,3611988000.0,2513540000.0,3370835000.0,41980056000.0,44059841000.0,664840000.0,17628522000.0,-4035000.0,2176974000.0
V,21681000000.0,21927000000.0,26086000000.0,32653000000.0,17273000000.0,22624000000.0,59196000000.0,90499000000.0,23098000000.0,20463000000.0,-1059000000.0,19696000000.0
VST,2617000000.0,2710000000.0,5520000000.0,14779000000.0,1493000000.0,4573000000.0,17233000000.0,32966000000.0,9823000000.0,14684000000.0,-1676000000.0,3777000000.0
VMC,1441200000.0,1379300000.0,1948500000.0,7781900000.0,933200000.0,2044300000.0,11361200000.0,14545700000.0,797600000.0,4385200000.0,-872600000.0,664200000.0
WAB,1310000000.0,1266000000.0,2944000000.0,9677000000.0,815000000.0,1787000000.0,14556000000.0,18988000000.0,4056000000.0,4069000000.0,-186000000.0,1015000000.0
WMT,24531000000.0,27012000000.0,157983000000.0,648125000000.0,15511000000.0,36384000000.0,124318000000.0,252399000000.0,92415000000.0,61321000000.0,-20606000000.0,15120000000.0
WBA,-4839000000.0,-7133000000.0,27072000000.0,139081000000.0,-3080000000.0,-2582000000.0,29084000000.0,96628000000.0,24535000000.0,33534000000.0,-2117000000.0,141000000.0
WBD,-1642000000.0,-886000000.0,16795000000.0,41321000000.0,-3126000000.0,22367000000.0,88895000000.0,122757000000.0,15332000000.0,43669000000.0,-1316000000.0,6161000000.0
WM,3521000000.0,3823000000.0,7820000000.0,20426000000.0,2304000000.0,5592000000.0,23132000000.0,32823000000.0,4226000000.0,16229000000.0,-2895000000.0,1824000000.0
WAT,835104000.0,817676000.0,1761193000.0,2956416000.0,642234000.0,1001009000.0,3505854000.0,4626854000.0,789580000.0,2442264000.0,-160632000.0,442177000.0
ELV,8745000000.0,,,171340000000.0,5987000000.0,,64426000000.0,108928000000.0,,25120000000.0,-1296000000.0,6765000000.0
WFC,,,,82597000000.0,19142000000.0,,385739000000.0,1932468000000.0,,219471000000.0,,40358000000.0
WELL,957893000.0,940454000.0,2530455000.0,6478231000.0,340094000.0,2401110000.0,41139925000.0,44012166000.0,1099922000.0,16118779000.0,-50699000.0,1551162000.0
WST,707000000.0,707400000.0,1129200000.0,2949800000.0,593400000.0,844300000.0,3087800000.0,3829500000.0,671800000.0,309000000.0,-362000000.0,414500000.0
WDC,-1248000000.0,-1092000000.0,1887000000.0,12318000000.0,-1706000000.0,-420000000.0,17917000000.0,24429000000.0,5434000000.0,7070000000.0,-821000000.0,-1229000000.0
WRK,-1169500000.0,1218900000.0,3584500000.0,20310000000.0,-1649000000.0,366300000.0,18664600000.0,27443700000.0,4919400000.0,8583900000.0,-1142100000.0,685800000.0
WY,1217000000.0,1127000000.0,1682000000.0,7674000000.0,839000000.0,1717000000.0,15305000000.0,16983000000.0,788000000.0,5088000000.0,-680000000.0,753000000.0
WMB,5641000000.0,4182000000.0,6801000000.0,10907000000.0,3179000000.0,7712000000.0,38805000000.0,52627000000.0,5830000000.0,26462000000.0,-2567000000.0,3371000000.0
WEC,2263200000.0,2086900000.0,3601300000.0,8893000000.0,1332900000.0,3527400000.0,30376200000.0,43939700000.0,5114800000.0,18797900000.0,-2492900000.0,525500000.0
WYNN,1036892000.0,1075006000.0,2823334000.0,6531897000.0,729994000.0,1724162000.0,11486955000.0,13996223000.0,2200454000.0,13370086000.0,-507176000.0,740703000.0
XEL,2629000000.0,2588000000.0,5979000000.0,14206000000.0,1771000000.0,5196000000.0,43866000000.0,64079000000.0,5652000000.0,27514000000.0,-5854000000.0,-527000000.0
XYL,684000000.0,728000000.0,2717000000.0,7364000000.0,609000000.0,1120000000.0,12450000000.0,16112000000.0,2205000000.0,2390000000.0,-271000000.0,566000000.0
YUM,2331000000.0,2309000000.0,3496000000.0,7076000000.0,1597000000.0,2484000000.0,3287000000.0,6231000000.0,1277000000.0,12031000000.0,-285000000.0,1318000000.0
ZBRA,467000000.0,585000000.0,2123000000.0,4584000000.0,296000000.0,643000000.0,5256000000.0,7306000000.0,1598000000.0,2414000000.0,-87000000.0,-91000000.0
ZBH,1268500000.0,1451300000.0,5310400000.0,7394200000.0,1024000000.0,2220200000.0,18393100000.0,21496900000.0,2857400000.0,5912600000.0,-377500000.0,1204100000.0
ZTS,3175000000.0,3069000000.0,5983000000.0,8544000000.0,2344000000.0,3666000000.0,11564000000.0,14286000000.0,1889000000.0,6755000000.0,-732000000.0,1621000000.0
ACGL,3518000000.0,,,13294000000.0,4443000000.0,,20249000000.0,58906000000.0,,2726000000.0,-52000000.0,5697000000.0
BG,3567000000.0,3130000000.0,4845000000.0,59540000000.0,2243000000.0,4018000000.0,15732000000.0,25372000000.0,7687000000.0,5756000000.0,-1122000000.0,2186000000.0
